ID,name,full_name,club,club_logo,special,age,league,birth_date,height_cm,weight_kg,body_type,real_face,flag,nationality,photo,eur_value,eur_wage,eur_release_clause,overall,potential,pac,sho,pas,dri,def,phy,international_reputation,skill_moves,weak_foot,work_rate_att,work_rate_def,preferred_foot,crossing,finishing,heading_accuracy,short_passing,volleys,dribbling,curve,free_kick_accuracy,long_passing,ball_control,acceleration,sprint_speed,agility,reactions,balance,shot_power,jumping,stamina,strength,long_shots,aggression,interceptions,positioning,vision,penalties,composure,marking,standing_tackle,sliding_tackle,gk_diving,gk_handling,gk_kicking,gk_positioning,gk_reflexes,rs,rw,rf,ram,rcm,rm,rdm,rcb,rb,rwb,st,lw,cf,cam,cm,lm,cdm,cb,lb,lwb,ls,lf,lam,lcm,ldm,lcb,gk,1_on_1_rush_trait,acrobatic_clearance_trait,argues_with_officials_trait,avoids_using_weaker_foot_trait,backs_into_player_trait,bicycle_kicks_trait,cautious_with_crosses_trait,chip_shot_trait,chipped_penalty_trait,comes_for_crosses_trait,corner_specialist_trait,diver_trait,dives_into_tackles_trait,diving_header_trait,driven_pass_trait,early_crosser_trait,fan's_favourite_trait,fancy_flicks_trait,finesse_shot_trait,flair_trait,flair_passes_trait,gk_flat_kick_trait,gk_long_throw_trait,gk_up_for_corners_trait,giant_throw_in_trait,inflexible_trait,injury_free_trait,injury_prone_trait,leadership_trait,long_passer_trait,long_shot_taker_trait,long_throw_in_trait,one_club_player_trait,outside_foot_shot_trait,playmaker_trait,power_free_kick_trait,power_header_trait,puncher_trait,rushes_out_of_goal_trait,saves_with_feet_trait,second_wind_trait,selfish_trait,skilled_dribbling_trait,stutter_penalty_trait,swerve_pass_trait,takes_finesse_free_kicks_trait,target_forward_trait,team_player_trait,technical_dribbler_trait,tries_to_beat_defensive_line_trait,poacher_speciality,speedster_speciality,aerial_threat_speciality,dribbler_speciality,playmaker_speciality,engine_speciality,distance_shooter_speciality,crosser_speciality,free_kick_specialist_speciality,tackling_speciality,tactician_speciality,acrobat_speciality,strength_speciality,clinical_finisher_speciality,prefers_rs,prefers_rw,prefers_rf,prefers_ram,prefers_rcm,prefers_rm,prefers_rdm,prefers_rcb,prefers_rb,prefers_rwb,prefers_st,prefers_lw,prefers_cf,prefers_cam,prefers_cm,prefers_lm,prefers_cdm,prefers_cb,prefers_lb,prefers_lwb,prefers_ls,prefers_lf,prefers_lam,prefers_lcm,prefers_ldm,prefers_lcb,prefers_gk
20801,Cristiano Ronaldo,C. Ronaldo dos Santos Aveiro,Real Madrid CF,https://cdn.sofifa.org/18/teams/243.png,2228,32,Spanish Primera División,1985-02-05,185.0,80.0,C. Ronaldo,True,https://cdn.sofifa.org/flags/38@3x.png,Portugal,https://cdn.sofifa.org/18/players/20801.png,95500000.0,565000.0,195800000.0,94,94,90,93,82,90,33,80,5,5,4,High,Low,Right,85,94,88,83,88,91,81,76,77,93,89,91,89,96,63,94,95,92,80,92,63,29,95,85,85,95,22,31,23,7,11,15,14,11,92.0,91.0,91.0,89.0,82.0,89.0,62.0,53.0,61.0,66.0,92.0,91.0,91.0,89.0,82.0,89.0,62.0,53.0,61.0,66.0,92.0,91.0,89.0,82.0,62.0,53.0,,False,False,False,False,False,False,False,False,False,False,False,False,False,False,False,False,False,False,False,True,False,False,False,False,False,False,False,False,False,False,True,False,False,False,False,True,False,False,False,False,False,False,True,False,False,False,False,False,False,False,False,True,False,True,False,False,True,False,False,False,False,True,False,True,False,False,False,False,False,False,False,False,False,False,True,True,False,False,False,False,False,False,False,False,False,False,False,False,False,False,False
158023,L. Messi,Lionel Messi,FC Barcelona,https://cdn.sofifa.org/18/teams/241.png,2158,30,Spanish Primera División,1987-06-24,170.0,72.0,Messi,True,https://cdn.sofifa.org/flags/52@3x.png,Argentina,https://cdn.sofifa.org/18/players/158023.png,105000000.0,565000.0,215300000.0,93,93,89,90,86,96,26,61,5,4,4,Medium,Medium,Left,77,95,71,88,85,97,89,90,87,95,92,87,90,95,95,85,68,73,59,88,48,22,93,90,78,96,13,28,26,6,11,15,14,8,88.0,91.0,92.0,92.0,84.0,90.0,59.0,45.0,57.0,62.0,88.0,91.0,92.0,92.0,84.0,90.0,59.0,45.0,57.0,62.0,88.0,92.0,92.0,84.0,59.0,45.0,,False,False,False,False,False,False,False,True,False,False,False,False,False,False,False,False,False,False,True,False,False,False,False,False,False,False,False,False,False,False,True,False,True,False,True,False,False,False,False,False,False,False,True,False,False,False,False,False,False,False,False,False,False,True,False,False,False,False,True,False,False,True,False,True,False,True,False,False,False,False,False,False,False,False,True,False,True,False,False,False,False,False,False,False,False,False,False,False,False,False,False
190871,Neymar,Neymar da Silva Santos Jr.,Paris Saint-Germain,https://cdn.sofifa.org/18/teams/73.png,2100,25,French Ligue 1,1992-02-05,175.0,68.0,Neymar,True,https://cdn.sofifa.org/flags/54@3x.png,Brazil,https://cdn.sofifa.org/18/players/190871.png,123000000.0,280000.0,236800000.0,92,94,92,84,79,95,30,60,5,5,5,High,Medium,Right,75,89,62,81,83,96,81,84,75,95,94,90,96,88,82,80,61,78,53,77,56,36,90,80,81,92,21,24,33,9,9,15,15,11,84.0,89.0,88.0,88.0,79.0,87.0,59.0,46.0,59.0,64.0,84.0,89.0,88.0,88.0,79.0,87.0,59.0,46.0,59.0,64.0,84.0,88.0,88.0,79.0,59.0,46.0,,False,False,False,False,False,False,False,False,False,False,False,True,False,False,False,False,False,False,False,True,False,False,False,False,False,False,False,False,False,False,False,False,False,False,False,False,False,False,False,False,False,False,True,False,False,True,False,False,True,False,False,True,False,True,False,False,False,False,False,False,False,True,False,False,False,False,False,False,False,False,False,False,False,False,False,True,False,False,False,False,False,False,False,False,False,False,False,False,False,False,False
176580,L. Suárez,Luis Suárez,FC Barcelona,https://cdn.sofifa.org/18/teams/241.png,2291,30,Spanish Primera División,1987-01-24,182.0,86.0,Normal,True,https://cdn.sofifa.org/flags/60@3x.png,Uruguay,https://cdn.sofifa.org/18/players/176580.png,97000000.0,510000.0,198900000.0,92,92,82,90,79,87,42,81,5,4,4,High,Medium,Right,77,94,77,83,88,86,86,84,64,91,88,77,86,93,60,87,69,89,80,86,78,41,92,84,85,83,30,45,38,27,25,31,33,37,88.0,87.0,88.0,87.0,80.0,85.0,65.0,58.0,64.0,68.0,88.0,87.0,88.0,87.0,80.0,85.0,65.0,58.0,64.0,68.0,88.0,88.0,87.0,80.0,65.0,58.0,,False,False,False,False,False,False,False,False,False,False,False,True,False,False,False,False,False,False,False,False,False,False,False,False,False,False,False,False,False,False,False,False,False,False,False,False,False,False,False,False,False,False,False,False,False,False,False,False,True,True,False,False,False,False,False,False,False,False,False,False,False,True,False,True,False,False,False,False,False,False,False,False,False,False,True,False,False,False,False,False,False,False,False,False,False,False,False,False,False,False,False
167495,M. Neuer,Manuel Neuer,FC Bayern Munich,https://cdn.sofifa.org/18/teams/21.png,1493,31,German Bundesliga,1986-03-27,193.0,92.0,Normal,True,https://cdn.sofifa.org/flags/21@3x.png,Germany,https://cdn.sofifa.org/18/players/167495.png,61000000.0,230000.0,100700000.0,92,92,91,90,95,89,60,91,5,1,4,Medium,Medium,Right,15,13,25,55,11,30,14,11,59,48,58,61,52,85,35,25,78,44,83,16,29,30,12,70,47,70,10,10,11,91,90,95,91,89,,,,,,,,,,,,,,,,,,,,,,,,,,,92.0,True,False,False,False,False,False,False,False,False,True,False,False,False,False,False,False,False,False,False,False,False,False,True,False,False,False,False,False,False,False,False,False,False,False,False,False,False,False,True,False,False,False,False,False,False,False,False,False,False,False,False,False,False,False,False,False,False,False,False,False,False,False,False,False,False,False,False,False,False,False,False,False,False,False,False,False,False,False,False,False,False,False,False,False,False,False,False,False,False,False,True
188545,R. Lewandowski,Robert Lewandowski,FC Bayern Munich,https://cdn.sofifa.org/18/teams/21.png,2146,28,German Bundesliga,1988-08-21,185.0,79.0,Normal,True,https://cdn.sofifa.org/flags/37@3x.png,Poland,https://cdn.sofifa.org/18/players/188545.png,92000000.0,355000.0,151800000.0,91,91,81,88,75,86,38,82,4,3,4,High,Medium,Right,62,91,85,83,87,85,77,84,65,89,79,83,78,91,80,88,84,79,84,83,80,39,91,78,84,87,25,42,19,15,6,12,8,10,88.0,84.0,87.0,84.0,78.0,82.0,62.0,57.0,58.0,61.0,88.0,84.0,87.0,84.0,78.0,82.0,62.0,57.0,58.0,61.0,88.0,87.0,84.0,78.0,62.0,57.0,,False,False,False,False,False,False,False,True,False,False,False,False,False,False,False,False,False,False,True,False,False,False,False,False,False,False,True,False,False,False,False,False,False,False,False,False,False,False,False,False,False,False,False,False,False,False,False,False,False,False,False,False,False,False,False,False,False,False,False,False,False,False,False,True,False,False,False,False,False,False,False,False,False,False,True,False,False,False,False,False,False,False,False,False,False,False,False,False,False,False,False
193080,De Gea,David De Gea Quintana,Manchester United,https://cdn.sofifa.org/18/teams/11.png,1458,26,English Premier League,1990-11-07,193.0,76.0,Lean,True,https://cdn.sofifa.org/flags/45@3x.png,Spain,https://cdn.sofifa.org/18/players/193080.png,64500000.0,215000.0,124200000.0,90,92,90,85,87,90,58,86,4,1,3,Medium,Medium,Right,17,13,21,50,13,18,21,19,51,42,57,58,60,88,43,31,67,40,64,12,38,30,12,68,40,64,13,21,13,90,85,87,86,90,,,,,,,,,,,,,,,,,,,,,,,,,,,90.0,False,False,False,False,False,False,False,False,False,False,False,False,False,False,False,False,False,False,False,False,False,False,True,False,False,False,False,False,False,False,False,False,False,False,False,False,False,False,False,True,False,False,False,False,False,False,False,False,False,False,False,False,False,False,False,False,False,False,False,False,False,False,False,False,False,False,False,False,False,False,False,False,False,False,False,False,False,False,False,False,False,False,False,False,False,False,False,False,False,False,True
183277,E. Hazard,Eden Hazard,Chelsea,https://cdn.sofifa.org/18/teams/5.png,2096,26,English Premier League,1991-01-07,173.0,76.0,Normal,True,https://cdn.sofifa.org/flags/7@3x.png,Belgium,https://cdn.sofifa.org/18/players/183277.png,90500000.0,295000.0,174200000.0,90,91,90,82,84,92,32,66,4,4,4,High,Medium,Right,80,83,57,86,79,93,82,79,81,92,93,87,93,85,91,79,59,79,65,82,54,41,85,86,86,87,25,27,22,11,12,6,8,8,82.0,88.0,87.0,88.0,81.0,87.0,61.0,47.0,59.0,64.0,82.0,88.0,87.0,88.0,81.0,87.0,61.0,47.0,59.0,64.0,82.0,87.0,88.0,81.0,61.0,47.0,,False,False,False,False,False,False,False,False,False,False,False,False,False,False,False,False,False,False,True,True,False,False,False,False,False,False,False,False,False,False,False,False,False,False,True,False,False,False,False,False,False,False,False,False,False,False,False,False,True,True,False,True,False,True,False,False,False,False,False,False,False,True,False,False,False,False,False,False,False,False,False,False,False,False,False,True,False,False,False,False,False,False,False,False,False,False,False,False,False,False,False
182521,T. Kroos,Toni Kroos,Real Madrid CF,https://cdn.sofifa.org/18/teams/243.png,2165,27,Spanish Primera División,1990-01-04,182.0,78.0,Normal,True,https://cdn.sofifa.org/flags/21@3x.png,Germany,https://cdn.sofifa.org/18/players/182521.png,79000000.0,340000.0,162000000.0,90,90,56,81,89,81,73,70,4,3,5,Medium,Medium,Right,85,76,54,90,82,79,85,84,93,89,60,52,71,86,69,87,32,77,74,90,60,85,79,88,73,85,63,82,69,10,11,13,7,10,77.0,80.0,81.0,83.0,87.0,81.0,82.0,72.0,76.0,78.0,77.0,80.0,81.0,83.0,87.0,81.0,82.0,72.0,76.0,78.0,77.0,81.0,83.0,87.0,82.0,72.0,,False,False,False,False,False,False,False,False,False,False,True,False,False,False,False,False,False,False,False,False,False,False,False,False,False,False,False,False,False,True,True,False,False,False,True,False,False,False,False,False,False,False,False,False,False,False,False,False,True,False,False,False,False,False,True,False,True,False,False,False,False,False,False,False,False,False,False,False,False,False,False,False,False,False,False,False,False,False,True,False,True,False,False,False,False,False,False,False,False,False,False
167664,G. Higuaín,Gonzalo Higuaín,Juventus,https://cdn.sofifa.org/18/teams/45.png,1961,29,Italian Serie A,1987-12-10,184.0,87.0,Normal,True,https://cdn.sofifa.org/flags/52@3x.png,Argentina,https://cdn.sofifa.org/18/players/167664.png,77000000.0,275000.0,127100000.0,90,90,79,87,70,83,25,74,4,3,4,High,Medium,Right,68,91,86,75,88,84,74,62,59,85,78,80,75,88,69,88,79,72,85,82,50,20,92,70,70,86,12,22,18,5,12,7,5,10,87.0,82.0,84.0,81.0,71.0,79.0,52.0,46.0,51.0,55.0,87.0,82.0,84.0,81.0,71.0,79.0,52.0,46.0,51.0,55.0,87.0,84.0,81.0,71.0,52.0,46.0,,False,False,False,False,False,False,False,False,False,False,False,False,False,False,False,False,False,False,False,False,False,False,False,False,False,False,False,False,False,False,False,False,False,True,False,False,False,False,False,False,False,False,False,False,False,False,False,False,False,False,False,False,False,False,False,False,False,False,False,False,False,False,False,True,False,False,False,False,False,False,False,False,False,False,True,False,False,False,False,False,False,False,False,False,False,False,False,False,False,False,False
155862,Sergio Ramos,Sergio Ramos García,Real Madrid CF,https://cdn.sofifa.org/18/teams/243.png,2153,31,Spanish Primera División,1986-03-30,183.0,75.0,Normal,True,https://cdn.sofifa.org/flags/45@3x.png,Spain,https://cdn.sofifa.org/18/players/155862.png,52000000.0,310000.0,106600000.0,90,90,76,63,71,71,88,83,4,3,3,High,Medium,Right,66,60,91,78,66,61,73,67,72,84,75,77,79,85,60,79,93,84,81,55,84,88,52,63,68,80,86,89,91,11,8,9,7,11,72.0,69.0,70.0,70.0,74.0,71.0,83.0,87.0,84.0,81.0,72.0,69.0,70.0,70.0,74.0,71.0,83.0,87.0,84.0,81.0,72.0,70.0,70.0,74.0,83.0,87.0,,False,False,False,False,False,False,False,False,False,False,False,False,True,False,False,False,False,False,False,False,False,False,False,False,False,False,False,False,True,False,False,False,False,False,False,False,True,False,False,False,False,False,False,False,False,False,False,False,False,False,False,False,True,False,False,False,False,False,False,True,True,False,False,False,False,False,False,False,False,False,False,False,False,False,False,False,False,False,False,False,False,True,False,False,False,False,False,False,False,False,False
192985,K. De Bruyne,Kevin De Bruyne,Manchester City,https://cdn.sofifa.org/18/teams/10.png,2162,26,English Premier League,1991-06-28,181.0,68.0,Normal,True,https://cdn.sofifa.org/flags/7@3x.png,Belgium,https://cdn.sofifa.org/18/players/192985.png,83000000.0,285000.0,159800000.0,89,92,75,84,88,85,45,75,4,4,4,High,High,Right,90,83,53,90,82,85,83,83,84,87,76,75,80,88,75,85,65,87,73,86,68,56,84,90,77,84,30,51,40,15,13,5,10,13,81.0,85.0,85.0,86.0,84.0,85.0,70.0,57.0,66.0,71.0,81.0,85.0,85.0,86.0,84.0,85.0,70.0,57.0,66.0,71.0,81.0,85.0,86.0,84.0,70.0,57.0,,False,False,False,False,False,False,False,False,False,False,True,False,False,False,False,True,False,False,False,False,False,False,False,False,False,False,False,False,False,True,True,False,False,False,True,False,False,False,False,False,False,False,False,False,False,False,False,False,False,False,False,False,False,False,True,True,False,True,False,False,False,False,False,False,False,False,False,False,False,True,False,False,False,False,False,False,False,True,True,False,False,False,False,False,False,False,False,False,False,False,False
192119,T. Courtois,Thibaut Courtois,Chelsea,https://cdn.sofifa.org/18/teams/5.png,1282,25,English Premier League,1992-05-11,199.0,94.0,Courtois,True,https://cdn.sofifa.org/flags/7@3x.png,Belgium,https://cdn.sofifa.org/18/players/192119.png,59000000.0,190000.0,113600000.0,89,92,85,91,69,88,49,86,4,1,3,Medium,Medium,Left,14,14,13,32,12,13,19,11,31,23,46,52,61,81,45,36,68,38,70,17,23,15,13,44,27,52,11,18,16,85,91,69,86,88,,,,,,,,,,,,,,,,,,,,,,,,,,,89.0,False,False,False,False,False,False,False,False,False,True,False,False,False,False,False,False,False,False,False,False,False,False,True,False,False,False,False,False,False,False,False,False,False,False,False,False,False,False,False,False,False,False,False,False,False,False,False,False,False,False,False,False,False,False,False,False,False,False,False,False,False,False,False,False,False,False,False,False,False,False,False,False,False,False,False,False,False,False,False,False,False,False,False,False,False,False,False,False,False,False,True
184941,A. Sánchez,Alexis Sánchez,Arsenal,https://cdn.sofifa.org/18/teams/1.png,2181,28,English Premier League,1988-12-19,169.0,62.0,Normal,True,https://cdn.sofifa.org/flags/55@3x.png,Chile,https://cdn.sofifa.org/18/players/184941.png,67500000.0,265000.0,124900000.0,89,89,86,84,80,89,40,78,4,4,3,High,High,Right,80,85,70,81,83,90,78,78,73,87,88,84,90,87,87,84,85,85,72,82,80,42,86,83,77,86,30,39,35,10,10,15,12,13,83.0,86.0,85.0,85.0,79.0,85.0,64.0,56.0,62.0,66.0,83.0,86.0,85.0,85.0,79.0,85.0,64.0,56.0,62.0,66.0,83.0,85.0,85.0,79.0,64.0,56.0,,False,False,False,False,False,False,False,False,False,False,False,False,False,False,False,False,False,False,False,True,False,False,False,False,False,False,False,False,False,False,True,False,False,False,False,False,False,False,False,False,False,False,False,False,False,False,False,False,True,False,False,False,False,True,False,False,False,False,False,False,False,True,False,False,False,False,False,False,False,True,False,False,False,False,True,True,False,False,False,True,False,False,False,False,False,False,False,False,False,False,False
177003,L. Modrić,Luka Modrić,Real Madrid CF,https://cdn.sofifa.org/18/teams/243.png,2228,31,Spanish Primera División,1985-09-09,174.0,65.0,Lean,True,https://cdn.sofifa.org/flags/10@3x.png,Croatia,https://cdn.sofifa.org/18/players/177003.png,57000000.0,340000.0,116900000.0,89,89,73,75,86,89,72,65,4,4,4,High,Medium,Right,78,71,55,92,74,86,79,77,83,92,75,71,93,88,94,73,67,82,58,82,62,76,79,90,80,84,66,80,73,13,9,7,14,9,76.0,83.0,83.0,86.0,86.0,84.0,80.0,72.0,78.0,80.0,76.0,83.0,83.0,86.0,86.0,84.0,80.0,72.0,78.0,80.0,76.0,83.0,86.0,86.0,80.0,72.0,,False,False,False,False,False,False,False,False,False,False,False,False,False,False,False,False,False,False,False,False,False,False,False,False,False,False,False,False,False,True,False,False,False,False,True,False,False,False,False,False,False,False,False,False,False,False,False,False,True,False,False,False,False,True,True,False,False,False,False,False,False,True,False,False,False,False,False,False,False,False,False,False,False,False,False,False,False,False,True,False,True,False,False,False,False,False,False,False,False,False,False
173731,G. Bale,Gareth Bale,Real Madrid CF,https://cdn.sofifa.org/18/teams/243.png,2259,27,Spanish Primera División,1989-07-16,183.0,74.0,Lean,True,https://cdn.sofifa.org/flags/50@3x.png,Wales,https://cdn.sofifa.org/18/players/173731.png,69500000.0,370000.0,142500000.0,89,89,94,87,84,85,57,76,4,4,3,High,Medium,Left,87,87,86,85,76,87,86,85,80,86,93,95,77,87,65,91,85,76,80,90,65,59,86,79,76,85,51,55,52,15,15,11,5,6,87.0,87.0,87.0,85.0,81.0,86.0,71.0,67.0,72.0,74.0,87.0,87.0,87.0,85.0,81.0,86.0,71.0,67.0,72.0,74.0,87.0,87.0,85.0,81.0,71.0,67.0,,False,False,False,True,False,False,False,True,False,False,False,False,False,False,False,False,False,False,False,False,False,False,False,False,False,False,False,True,False,False,True,True,False,False,False,False,False,False,False,False,False,False,True,False,False,False,False,False,False,False,False,True,False,False,False,False,True,True,False,False,False,False,False,True,False,True,False,False,False,False,False,False,False,False,False,False,False,False,False,False,False,False,False,False,False,False,False,False,False,False,False
153079,S. Agüero,Sergio Agüero,Manchester City,https://cdn.sofifa.org/18/teams/10.png,2074,29,English Premier League,1988-06-02,173.0,70.0,Normal,True,https://cdn.sofifa.org/flags/52@3x.png,Argentina,https://cdn.sofifa.org/18/players/153079.png,66500000.0,325000.0,123000000.0,89,89,87,88,75,89,23,72,4,4,4,High,Medium,Right,70,90,68,79,85,89,82,72,63,89,90,84,86,89,91,88,80,74,74,83,63,24,91,83,83,90,13,20,12,13,15,6,11,14,86.0,86.0,87.0,85.0,75.0,84.0,54.0,44.0,52.0,57.0,86.0,86.0,87.0,85.0,75.0,84.0,54.0,44.0,52.0,57.0,86.0,87.0,85.0,75.0,54.0,44.0,,False,False,False,False,False,False,False,False,False,False,False,False,False,False,False,False,False,False,False,True,False,False,False,False,False,False,False,False,False,False,False,False,False,False,False,False,False,False,False,False,False,False,False,False,False,False,False,False,True,True,False,False,False,True,False,False,False,False,False,False,False,True,False,True,False,False,False,False,False,False,False,False,False,False,True,False,False,False,False,False,False,False,False,False,False,False,False,False,False,False,False
138956,G. Chiellini,Giorgio Chiellini,Juventus,https://cdn.sofifa.org/18/teams/45.png,1867,32,Italian Serie A,1984-08-14,187.0,85.0,Normal,True,https://cdn.sofifa.org/flags/27@3x.png,Italy,https://cdn.sofifa.org/18/players/138956.png,38000000.0,225000.0,62700000.0,89,89,74,46,56,59,90,85,4,2,2,Low,High,Left,58,33,84,59,45,58,60,31,59,57,68,78,59,82,64,78,89,68,91,49,92,88,28,50,50,82,92,92,90,3,3,2,4,3,59.0,56.0,55.0,55.0,60.0,58.0,76.0,86.0,78.0,75.0,59.0,56.0,55.0,55.0,60.0,58.0,76.0,86.0,78.0,75.0,59.0,55.0,55.0,60.0,76.0,86.0,,False,False,False,True,False,False,False,False,False,False,False,False,True,False,False,False,False,False,False,False,False,False,False,False,False,False,False,True,True,False,False,True,False,False,False,False,True,False,False,False,False,False,False,False,False,False,False,False,False,False,False,False,False,False,False,False,False,False,False,True,True,False,True,False,False,False,False,False,False,False,False,False,False,False,False,False,False,False,False,False,False,True,False,False,False,False,False,False,False,False,False
1179,G. Buffon,Gianluigi Buffon,Juventus,https://cdn.sofifa.org/18/teams/45.png,1335,39,Italian Serie A,1978-01-28,191.0,94.0,Lean,True,https://cdn.sofifa.org/flags/27@3x.png,Italy,https://cdn.sofifa.org/18/players/1179.png,4500000.0,110000.0,7400000.0,89,89,89,88,74,84,46,90,4,1,2,Medium,Medium,Right,13,15,13,37,17,26,20,13,35,28,49,43,55,80,49,39,75,39,69,13,38,28,12,50,22,70,10,11,11,89,88,74,90,84,,,,,,,,,,,,,,,,,,,,,,,,,,,89.0,False,False,False,False,False,False,True,False,False,False,False,False,False,False,False,False,False,False,False,False,False,False,False,False,False,False,False,False,True,False,False,False,False,False,False,False,False,False,False,False,False,False,False,False,False,False,False,True,False,False,False,False,False,False,False,False,False,False,False,False,False,False,False,False,False,False,False,False,False,False,False,False,False,False,False,False,False,False,False,False,False,False,False,False,False,False,False,False,False,False,True
211110,P. Dybala,Paulo Dybala,Juventus,https://cdn.sofifa.org/18/teams/45.png,2063,23,Italian Serie A,1993-11-15,177.0,73.0,Normal,True,https://cdn.sofifa.org/flags/52@3x.png,Argentina,https://cdn.sofifa.org/18/players/211110.png,79000000.0,215000.0,136300000.0,88,93,86,85,81,91,24,67,3,4,3,High,Medium,Left,80,85,68,83,88,92,88,84,71,93,88,84,91,84,85,82,75,83,65,88,48,24,84,84,86,84,14,20,20,5,4,4,5,8,83.0,87.0,86.0,86.0,78.0,86.0,55.0,43.0,55.0,60.0,83.0,87.0,86.0,86.0,78.0,86.0,55.0,43.0,55.0,60.0,83.0,86.0,86.0,78.0,55.0,43.0,,False,False,False,True,False,False,False,False,False,False,True,False,False,False,False,False,False,False,True,True,False,False,False,False,False,False,False,False,False,False,False,False,False,False,True,False,False,False,False,False,False,False,False,False,False,True,False,False,True,False,False,False,False,True,False,False,False,False,False,False,False,True,False,False,False,False,False,False,False,False,False,False,False,False,True,False,False,True,False,False,False,False,False,False,False,False,False,False,False,False,False
200389,J. Oblak,Jan Oblak,Atlético Madrid,https://cdn.sofifa.org/18/teams/240.png,1290,24,Spanish Primera División,1993-01-07,189.0,82.0,Normal,False,https://cdn.sofifa.org/flags/44@3x.png,Slovenia,https://cdn.sofifa.org/18/players/200389.png,57000000.0,82000.0,121100000.0,88,93,84,90,77,84,52,87,3,1,3,Medium,Medium,Right,13,11,15,29,13,12,13,14,26,16,43,60,67,84,49,22,76,41,78,12,34,19,11,55,11,55,14,12,18,84,90,77,87,84,,,,,,,,,,,,,,,,,,,,,,,,,,,88.0,False,False,False,False,False,False,False,False,False,True,False,False,False,False,False,False,False,False,False,False,False,False,True,False,False,False,False,False,False,False,False,False,False,False,False,False,False,True,False,False,False,False,False,False,False,False,False,False,False,False,False,False,False,False,False,False,False,False,False,False,False,False,False,False,False,False,False,False,False,False,False,False,False,False,False,False,False,False,False,False,False,False,False,False,False,False,False,False,False,False,True
194765,A. Griezmann,Antoine Griezmann,Atlético Madrid,https://cdn.sofifa.org/18/teams/240.png,2104,26,Spanish Primera División,1991-03-21,174.0,72.0,Lean,True,https://cdn.sofifa.org/flags/18@3x.png,France,https://cdn.sofifa.org/18/players/194765.png,75000000.0,150000.0,159400000.0,88,91,86,85,78,87,30,68,4,4,3,High,Medium,Left,82,88,80,79,87,87,84,75,75,86,87,86,90,90,80,81,87,76,61,82,69,35,91,76,71,86,23,22,11,14,8,14,13,14,85.0,86.0,85.0,84.0,76.0,84.0,57.0,48.0,56.0,60.0,85.0,86.0,85.0,84.0,76.0,84.0,57.0,48.0,56.0,60.0,85.0,85.0,84.0,76.0,57.0,48.0,,False,False,False,False,False,False,False,False,False,False,False,False,False,False,False,False,False,False,False,False,False,False,False,False,False,False,False,False,False,False,False,False,False,False,False,False,False,False,False,False,False,False,True,False,False,False,False,False,False,False,False,False,False,True,False,False,False,False,False,False,False,True,False,True,False,True,False,False,False,False,False,False,False,False,True,True,False,False,False,False,False,False,False,False,False,False,False,False,False,False,False
189509,Thiago,Thiago Alcântara,FC Bayern Munich,https://cdn.sofifa.org/18/teams/21.png,2185,26,German Bundesliga,1991-04-11,174.0,70.0,Normal,True,https://cdn.sofifa.org/flags/45@3x.png,Spain,https://cdn.sofifa.org/18/players/189509.png,70500000.0,225000.0,121600000.0,88,90,72,75,85,90,62,63,3,5,3,Medium,Medium,Right,72,69,58,91,90,90,85,77,90,92,77,68,90,84,86,75,75,75,59,82,57,78,83,86,75,83,49,64,62,6,11,7,9,13,77.0,83.0,83.0,86.0,85.0,83.0,76.0,66.0,72.0,75.0,77.0,83.0,83.0,86.0,85.0,83.0,76.0,66.0,72.0,75.0,77.0,83.0,86.0,85.0,76.0,66.0,,False,False,False,False,False,False,False,False,False,False,False,False,False,False,False,False,False,False,False,True,False,False,False,False,False,False,False,False,False,False,False,False,False,False,False,False,False,False,False,False,False,False,False,False,False,True,False,False,True,False,False,False,False,True,True,False,False,False,False,False,False,True,False,False,False,False,False,False,False,False,False,False,False,False,False,False,False,True,True,False,True,False,False,False,False,False,False,False,False,False,False
188567,P. Aubameyang,Pierre-Emerick Aubameyang,Borussia Dortmund,https://cdn.sofifa.org/18/teams/22.png,2073,28,German Bundesliga,1989-06-18,187.0,80.0,Lean,True,https://cdn.sofifa.org/flags/115@3x.png,Gabon,https://cdn.sofifa.org/18/players/188567.png,61000000.0,165000.0,103700000.0,88,88,96,84,75,81,37,71,3,3,4,Medium,Low,Right,77,88,79,77,86,82,78,74,64,82,95,96,77,87,70,81,77,79,77,79,43,48,89,77,74,84,28,25,36,6,9,15,9,9,85.0,84.0,84.0,82.0,74.0,83.0,59.0,52.0,62.0,65.0,85.0,84.0,84.0,82.0,74.0,83.0,59.0,52.0,62.0,65.0,85.0,84.0,82.0,74.0,59.0,52.0,,False,False,False,False,False,False,False,True,False,False,False,False,False,False,False,False,False,False,True,False,False,False,False,False,False,False,True,False,False,False,False,False,False,False,False,False,False,False,False,False,False,False,True,False,False,True,False,False,False,True,True,True,False,False,False,False,False,False,False,False,False,False,False,False,False,False,False,False,False,False,False,False,False,False,True,False,False,False,False,False,False,False,False,False,False,False,False,False,False,False,False
184344,L. Bonucci,Leonardo Bonucci,Milan,https://cdn.sofifa.org/18/teams/47.png,1995,30,Italian Serie A,1987-05-01,190.0,85.0,Lean,True,https://cdn.sofifa.org/flags/27@3x.png,Italy,https://cdn.sofifa.org/18/players/184344.png,44000000.0,210000.0,74800000.0,88,88,68,54,70,70,87,81,3,2,3,Low,High,Right,44,39,88,79,58,69,56,61,85,75,62,72,60,86,52,74,85,73,85,65,82,90,38,74,70,84,84,88,88,2,2,3,2,4,65.0,63.0,66.0,68.0,75.0,66.0,83.0,86.0,79.0,76.0,65.0,63.0,66.0,68.0,75.0,66.0,83.0,86.0,79.0,76.0,65.0,66.0,68.0,75.0,83.0,86.0,,False,False,False,False,False,False,False,False,False,False,False,False,False,False,False,False,False,False,False,False,False,False,False,False,False,False,True,False,True,True,False,False,False,False,False,True,True,False,False,False,False,False,False,False,False,False,False,False,False,False,False,False,False,False,False,False,False,False,False,True,True,False,False,False,False,False,False,False,False,False,False,False,False,False,False,False,False,False,False,False,False,True,False,False,False,False,False,False,False,False,False
183907,J. Boateng,Jérôme Boateng,FC Bayern Munich,https://cdn.sofifa.org/18/teams/21.png,1989,28,German Bundesliga,1988-09-03,192.0,90.0,Stocky,True,https://cdn.sofifa.org/flags/21@3x.png,Germany,https://cdn.sofifa.org/18/players/183907.png,48000000.0,215000.0,79200000.0,88,88,75,50,72,67,88,84,4,2,4,Medium,Medium,Right,69,34,85,75,53,67,56,31,80,71,72,78,58,82,53,79,75,74,91,58,82,83,47,76,46,86,88,91,90,7,12,15,6,5,65.0,65.0,66.0,67.0,73.0,69.0,82.0,85.0,81.0,79.0,65.0,65.0,66.0,67.0,73.0,69.0,82.0,85.0,81.0,79.0,65.0,66.0,67.0,73.0,82.0,85.0,,False,False,False,False,False,False,False,False,False,False,False,False,False,False,False,False,False,False,False,False,False,False,False,False,False,False,False,False,False,True,False,True,False,False,False,False,False,False,False,False,False,False,False,False,False,False,False,False,False,False,False,False,False,False,False,False,False,False,False,True,False,False,True,False,False,False,False,False,False,False,False,False,False,False,False,False,False,False,False,False,False,True,False,False,False,False,False,False,False,False,False
182493,D. Godín,Diego Godín,Atlético Madrid,https://cdn.sofifa.org/18/teams/240.png,1937,31,Spanish Primera División,1986-02-16,186.0,78.0,Lean,True,https://cdn.sofifa.org/flags/60@3x.png,Uruguay,https://cdn.sofifa.org/18/players/182493.png,40000000.0,125000.0,82000000.0,88,88,67,48,65,63,88,79,3,2,3,Medium,High,Right,55,42,92,79,47,53,49,51,70,76,64,70,63,85,58,67,89,67,80,43,88,88,48,52,50,82,87,86,89,6,8,15,5,15,64.0,61.0,62.0,63.0,69.0,64.0,80.0,86.0,79.0,76.0,64.0,61.0,62.0,63.0,69.0,64.0,80.0,86.0,79.0,76.0,64.0,62.0,63.0,69.0,80.0,86.0,,False,False,False,False,False,False,False,False,False,False,False,False,True,False,False,False,False,False,False,False,False,False,False,False,False,False,False,False,False,False,False,False,False,False,False,False,True,False,False,False,False,False,False,False,False,False,False,False,False,False,False,False,True,False,False,False,False,False,False,True,True,False,False,False,False,False,False,False,False,False,False,False,False,False,False,False,False,False,False,False,False,True,False,False,False,False,False,False,False,False,False
178603,M. Hummels,Mats Hummels,FC Bayern Munich,https://cdn.sofifa.org/18/teams/21.png,2038,28,German Bundesliga,1988-12-16,191.0,92.0,Normal,True,https://cdn.sofifa.org/flags/21@3x.png,Germany,https://cdn.sofifa.org/18/players/178603.png,48000000.0,215000.0,79200000.0,88,88,64,58,75,71,89,76,4,2,3,High,Medium,Right,64,55,89,80,60,68,65,53,85,77,62,65,64,85,58,71,68,66,85,51,66,89,56,79,68,91,85,92,90,15,6,10,5,6,69.0,68.0,69.0,71.0,77.0,70.0,83.0,85.0,80.0,78.0,69.0,68.0,69.0,71.0,77.0,70.0,83.0,85.0,80.0,78.0,69.0,69.0,71.0,77.0,83.0,85.0,,False,False,False,True,False,False,False,False,False,False,False,False,False,False,False,False,False,False,False,False,False,False,False,False,False,False,False,False,False,True,False,False,False,False,True,False,False,False,False,False,False,False,False,False,False,False,False,False,False,False,False,False,False,False,False,False,False,False,False,True,True,False,False,False,False,False,False,False,False,False,False,False,False,False,False,False,False,False,False,False,False,True,False,False,False,False,False,False,False,False,False
176635,M. Özil,Mesut Özil,Arsenal,https://cdn.sofifa.org/18/teams/1.png,1927,28,English Premier League,1988-10-15,180.0,76.0,Lean,True,https://cdn.sofifa.org/flags/21@3x.png,Germany,https://cdn.sofifa.org/18/players/176635.png,60000000.0,265000.0,111000000.0,88,88,71,74,87,86,24,58,4,4,2,Medium,Low,Left,82,74,54,89,77,86,84,79,84,90,75,68,83,87,70,70,52,69,57,76,48,24,83,92,67,78,22,16,19,6,14,10,6,14,76.0,83.0,82.0,85.0,79.0,83.0,57.0,41.0,52.0,58.0,76.0,83.0,82.0,85.0,79.0,83.0,57.0,41.0,52.0,58.0,76.0,82.0,85.0,79.0,57.0,41.0,,False,False,False,False,False,False,False,False,False,False,False,False,False,False,False,False,False,False,True,True,False,False,False,False,False,False,False,False,False,False,False,False,False,False,True,False,False,False,False,False,False,False,False,False,False,False,False,False,True,False,False,False,False,False,True,False,False,False,False,False,False,False,False,False,False,True,False,False,False,False,False,False,False,False,False,False,False,True,False,False,False,False,False,False,False,False,False,False,False,False,False